"Provincia";"Canton";"intoxicaciones";"poblacion";"llamadas_10mil";"cod_dist";"victima";"superficie";"densidad_pob";"por_pob_urb";"rel_homb_muj";"rel_depe_demo";"viv_ocup";"promedio_ocup_viv";"por_viv_buen";"por_viv_hacin";"por_alfab";"alf_10_24";"alf_25";"prom_escol";"esc_25_49";"esc_50";"por_edu_reg";"asis_menor5";"asis_5_17";"asis_18_24";"asis_25";"fuera_trab";"tasa_partic";"hombres";"mujeres";"por_ocup_aseg";"por_pob_ext";"por_pob_discp";"por_pob_no_aseg";"por_hog_fem";"por_hog_comp";"fincas_agro";"extension_agro";"trab_agro";"menor_15";"por_agro"
"Alajuela";"Alajuela";421;254886;16,5172;201;21;388,429992675781;656,195465865456;87,9899249076063;97,4131187409479;44,2691058107022;72031;3,49392622620816;68,9106079326956;4,31064402826561;98,2186939868185;99,309640224769;97,7115757764887;8,68594379689817;9,38196286472133;7,39518940274227;31,6270745476808;13,5951969064821;88,5063718140939;43,1753581994314;8,33412486261331;44,1823971938891;55,8176028061109;73,8493701871048;38,6220645988618;12,4434626115276;10,0907856845805;9,62783361973585;13,4432648321212;28,2371060953006;7,612;1414;7384,24648;7,62264931381384;23,5;19,0104951194218
"Alajuela";"Atenas";74;25460;29,0652;205;3;127,190002441406;200,172965730769;56,2333071484684;100,110036940973;44,9060899260102;7472;3,40591541755889;74,4111349036402;2,28854389721627;97,9572381860281;99,3106617647059;97,3872653377206;8,53409457454356;9,35914350600197;7,31419891269588;30,5549720623452;12,7338563669282;90,466888064075;50,4241281809613;6,68989097477583;49,2602219334201;50,7397780665799;70,3030303030305;31,5753018009104;12,7428283844993;8,2050274941085;9,43833464257651;10,7501963864887;22,9196697680514;8,471627;708;3512,45579;17,089628869004;21,4;27,6158166725259
"Alajuela";"Grecia";155;76898;20,1566;203;3;395,720001220703;194,324269086192;61,529558636115;98,3952528379773;46,1827997870884;21709;3,53051729697361;67,6401492468561;3,2475010364365;97,4896424735307;99,1043397968601;96,6858193518735;8,00085037922318;8,75562390472442;6,64357836516816;31,4823145700954;14,1692681234825;88,3936274227872;42,3155837811431;6,19168007354629;46,2325117734007;53,7674882265993;74,8277429960473;33,4189449494775;15,0388311175464;9,10686883924154;10,1133969674113;14,4438086816301;24,0133207326405;7,001704;1593;13580,60289;20,9311292110463;24,3;34,3187173964092
"Alajuela";"Guatuso";91;15508;58,6794;215;0;758,320007324219;20,4504692612832;17,1524374516378;103,46365783259;55,3907815631263;4409;3,5110002268088;44,7040145157632;7,18983896575187;94,2412945189178;98,5237483953787;91,7181394176229;5,99041976553636;6,7846034214619;4,52563642882754;30,0633136515616;7,92556857339764;80,0290838584586;29,5795795795796;4,19765536367073;53,8734961720742;46,1265038279258;70,685920577617;21,0787923416789;27,6556776556777;9,05984008253803;12,9997420686098;22,3626515346917;22,4149432955304;7,870265;633;12276,34989;59,2913385826772;29,2;16,18887774479
"Alajuela";"Los Chiles";130;23735;54,7714;214;0;1358,85998535156;17,4668473984531;20,408679165789;104,435831180017;58,7413055109684;6035;3,92792046396023;39,83429991715;14,1507870753935;91,1011591148582;97,1219389043168;86,7878459034185;5,48146138542233;6,13982043834171;4,05022962112514;33,1214656260222;6,84345594525234;77,8561151079135;30,1858955444084;5,90522698498825;52,5162087063908;47,4837912936092;71,9435736677113;21,8073661561828;30,7505070993915;27,655361280809;10,7520539287972;28,3505371813776;22,4842513325796;7,953604;732;37750,27592;65,8258465791292;31,8;27,7808430058622
"Alajuela";"Naranjo";103;42713;24,1144;206;0;126,620002746582;337,332167694594;53,9133284948377;95,8413571756075;47,7958477508651;11678;3,64865559171091;65,7818119541017;3,50231203973283;97,3608498395482;99,0304822939775;96,5133252700507;7,63490011260789;8,53351134846463;6,13871290430146;32,6901191168656;13,5245901639344;90,1649484536082;46,0095497953617;6,18092338491053;49,2570119497249;50,7429880502751;72,9130629764882;30,0125801234052;17,8282416410512;6,82227893147285;9,63875166811035;16,3603586730036;26,4341863187823;7,235828;1334;6563,96737;22,4364195854828;24,4;51,8398928101207
"Alajuela";"Orotina";45;20341;22,1228;209;6;141,919998168945;143,32722845575;51,6887075365028;96,3606525726422;49,4013955196474;6024;3,37433598937583;59,9435590969456;5,19588313413015;96,7355565993427;99,0327780763028;95,6153375840686;7,84173290243689;8,61057955166759;6,48076457778852;32,0595161635626;11,6475558237779;88,1105398457582;43,5527853525516;6,62939994759368;51,7870119574553;48,2129880425447;68,5172647257959;28,8699690402476;17,8782755705833;5,36355144781478;11,3121282139521;15,3974730839192;27,822251266133;5,079681;260;4792,76346;13,4039519250356;25,6;33,770881636389
"Alajuela";"Palmares";82;34716;23,6202;207;6;38,060001373291;912,138695411669;80,8848945731077;97,1379897785349;44,5957765837811;9657;3,58216837527182;65,8796727762245;2,16423319871596;98,2093341796678;99,3270241850682;97,6888801841061;8,60475933995988;9,54385540224319;7,15541718555418;33,4300978969144;19,7858672376874;91,3634491281068;55,6577540106951;7,68251481173191;48,2502219591594;51,7497780408406;70,7092952612394;33,7420657818811;16,2323761718462;3,96647079156585;9,68141490955188;13,3195068556285;27,6326530612245;9,485347;631;1949,38954;13,3103141011361;22,1;51,2188510158069
"Alajuela";"Poas";43;29199;14,7265;208;2;73,8399963378906;395,436097618232;57,9060926744066;98,7543393914642;46,3902536849494;7906;3,69023526435619;70,136605110043;4,11080192259044;97,4078904466904;98,9834200653512;96,6078780802558;7,47495852024823;8,27984234234239;5,94801495460209;31,0686114005058;14,5071028842015;87,635379061372;40,2022756005057;5,73956861058195;46,8530511721243;53,1469488278757;75,1898499722176;31,7577282530551;15,8241367034532;7,54820370560635;9,26059111613401;14,3395321757594;22,8274325328052;9,322034;745;3592,56097;20,9573921971253;24,9;48,6533199915192
"Alajuela";"San Carlos";739;163745;45,1311;210;11;3347,97998046875;48,9085959161184;47,3657210907202;100,429636339156;52,0663075780089;44966;3,62242583285149;61,0772583729929;6,53604945959169;95,6503147107586;98,6070249174422;93,8775020400332;7,01928430854893;7,64619739969248;5,64520453500844;33,059570444414;9,50589735415999;85,7542843350231;34,3634646750797;6,49690395046307;45,8284823996713;54,1715176003287;76,1983385790197;32,3436674449916;20,4722745888319;14,3699044245624;8,82591834865181;19,541360041528;24,7421558814567;7,610194;2075;67414,28198;33,4061490553322;28,7;20,1358079717554
"Alajuela";"San Mateo";8;6136;13,0378;204;0;125,900001525879;48,7370923402152;26,2548891786181;103,989361702128;51,431391905232;1834;3,34405670665213;55,1799345692475;3,21701199563795;97,7394636015323;99,6185632549268;96,9289827255278;7,53358925143955;8,30907326540515;6,52585119798235;27,9313965698285;12,3222748815166;84,0029761904761;39,1424619640388;5,04524266520427;55,2659461750372;44,7340538249628;67,0279283034597;21,6810344827586;20,7364341085271;5,29661016949154;11,5710560625815;15,8898305084746;21,5401184706516;8,669575;320;2927,07067;40,5079365079365;23,1;23,249171044675
"Alajuela";"San Ramon";229;80566;28,4239;202;10;1018,64001464844;79,0917290126342;52,9131395377696;96,4209961723188;47,4730464388351;23301;3,44483069396163;66,6623750053646;3,44191236427621;97,5408876795694;99,1396739364218;96,7169869876524;8,21353993482743;9,0144881104942;6,89147423467888;34,5663111290001;15,1881943292987;88,9852031802119;51,1050212164075;8,56997184722129;48,9522624582548;51,0477375417452;71,0908294884313;32,0888152655219;18,2614154496795;6,86021398604877;10,4436114489983;15,3786957277262;28,3530551227525;8,282906;2650;13925,19324;23,1533604190122;24,2;13,6703772085824
"Alajuela";"Upala";267;43953;60,7467;213;0;1580,67004394531;27,806562266654;21,4183332195753;100,405799744665;60,3889943074004;11518;3,81012328529259;41,6044452161834;10,3577009897552;94,1483539614381;99,0503189227492;90,9344361321507;6,05064820407971;6,97664894381378;4,35551755885835;36,7308030002759;5,91687041564791;86,282632483977;38,1759192501801;6,90023697783559;55,0785374868005;44,9214625131995;67,6653851252815;22,3748192929427;30,0858951175406;12,7022046276704;13,4507314631538;30,553090801538;24,9486828600752;7,709672;1600;27704,53998;56,6041540633192;31,1;17,5270861152339
"Alajuela";"Valverde Vega";38;18085;21,0119;212;1;120,25;150,39501039501;37,0417473043958;96,4906562364189;47,910362312914;5054;3,56944994064108;63,4546893549664;3,22516818361694;97,0262883914623;98,70820668693;96,1500395882817;7,34728820269198;8,2094936708861;5,90724101479917;31,6208133971291;12,6007326007326;87,2489716912652;43,2944019331453;5,99762470308789;49,2341517039209;50,7658482960791;72,9420731707317;30,2328863796752;20,1996126917921;7,74675145147915;9,13464196848212;16,4556262095659;26,6328719048548;7,894737;695;4173,25576;20,7119741100324;24,6;34,7048296049896
"Alajuela";"Zarcero";31;12205;25,3994;211;3;155,130004882812;78,6759467275195;43,4002458009015;100,016388069485;46,2727708533078;3333;3,64776477647765;73,9273927392739;3,18031803180318;97,6970168108053;99,229711141678;96,8599759615384;7,4181189903846;8,19203581526862;6,0563847429519;30,7960021417097;15,3153153153153;87,2922053934242;40,6402604449267;5,09314903846155;45,1832630554653;54,8167369445347;80,1896960551842;29,2841648590022;22,2531847133757;9,8648095043015;7,82466202376078;17,206063088898;21,0418495756511;6,30063;327;1172,4636;50,9479956663055;24,2;7,55794213302382
"Cartago";"Alvarado";38;14312;26,5511;306;3;81,0599975585938;176,560577733236;62,5768585802126;100,251853924724;47,6224858174317;3612;3,95321151716501;72,3975636766335;3,12846068660022;97,2040155977765;98,7553853518429;96,3809523809522;6,58196825396825;7,34006603223927;5,15003668378576;29,4732853353543;16,3831692032229;82,3776643650553;35,7466063348416;5,51111111111112;46,9614809274495;53,0385190725505;79,6692972566704;26,6654261257909;18,1134777161267;1,39044158747904;8,88065958636107;14,3376187814422;19,4944877655284;8,776301;683;2229,89325;53,8094100788154;25,3;27,50916996251
"Cartago";"Cartago";262;147898;17,7149;301;10;287,769989013672;513,945184162249;88,6881499411751;96,1329850013924;43,8878457392472;38618;3,8001191154384;74,146770935833;2,93386503702936;98,3933522381693;99,2963940193485;97,9439252336443;8,97307464805381;9,75949883233872;7,58536106750389;34,3238838116307;19,0712784253775;89,403828051459;51,8638265500192;9,1931858511772;46,8290457305305;53,1709542694695;72,2219204374662;35,2608732658098;13,7018779743122;3,87158717494491;8,60390268969158;13,9231091698333;28,6953460890554;6,424465;1954;6102,58528;12,9590752403908;22,9;21,2064687527582
"Cartago";"El Guarco";30;41793;7,1782;308;5;167,690002441406;249,227738037652;87,6606130213204;101,548032407407;44,6775366081628;10831;3,83002492844613;73,243467823839;2,46514633921152;98,4251745076895;99,4507323568574;97,8946008783259;8,33996383363482;9,16816045126922;6,52262412322928;34,3971814931866;17,7373863992479;89,8390757169382;44,8081661386837;8,71006630500303;44,8676978141377;55,1323021858623;75,4517014620442;34,7686992130013;12,9415292353823;2,79472638958678;8,10901347115553;13,0308903404876;23,7440844557699;7,293879;478;2160,93035;14,5647223681906;25,1;12,8864590526502
"Cartago";"Jimenez";17;14669;11,5891;304;3;286,429992675781;51,213212216237;52,5666371259112;98,9016949152542;46,8074459567654;4113;3,56284950158035;56,6982737661075;1,99367858011184;96,5542053086026;99,0651965484179;95,2975047984642;6,58889155470249;7,37797956867195;5,22131147540984;31,5990313348499;15,7389635316699;89,0535228303596;43,9516129032258;5,86612284069098;52,9490736597154;47,0509263402846;70,2576950608447;23,8316920322292;12,6564945226917;2,38598404799237;10,948258231645;11,0027950098847;25,6141187693776;9,968393;545;6320,23643;39,3669892754381;23,8;22,0655538582304
"Cartago";"La Union";105;99399;10,5635;303;9;44,8300018310547;2217,24282712708;96,9868912162099;93,184070899656;43,7149384072639;26979;3,67141109752029;69,665295229623;4,66288594833018;98,6372174828614;99,3758770957976;98,2832162262616;9,50970779278236;10,2482506527415;7,95560683478931;34,2154843797927;18,4655236215616;89,7859157534569;47,6071103008207;9,82460487425015;40,7362486505219;59,2637513494781;75,390482600039;44,6555578134526;12,9458050097775;9,654020664192;9,40552721858369;14,1359571021841;31,5489790737316;8,358353;86;988,9038;2,53286556922009;24,5;22,0589730004197
"Cartago";"Oreamuno";41;45473;9,0163;307;7;201,309997558594;225,885453039979;87,4584918523085;95,7006369426752;45,5229134664619;11232;4,04095441595442;76,664886039886;3,95299145299145;97,6760545032956;99,0607483714582;96,9500814105866;8,10638973829466;8,82402767835841;6,6770820957586;33,8884521001597;18,8857142857143;88,255792051234;46,7606090055069;7,80747388904336;46,0920551158019;53,9079448841981;75,7789249924079;33,4995749504107;17,2110974381921;1,42062322696986;8,29283310975728;15,6510456754557;26,0404900512643;7,247151;505;2199,41082;26,8816319815744;25;10,9254922590709
"Cartago";"Paraiso";50;57743;8,6591;302;4;411,910003662109;140,183533991971;76,9062916717169;95,9050042408821;45,8377531949285;14626;3,93668808970327;70,7712293176535;4,02707507178996;97,952506379126;99,2809120140313;97,2309548759963;7,53059604331392;8,33207364341086;6,00608238871993;32,8069023726907;17,0054200542005;87,0230141054195;42,9375149628922;6,92896383093581;48,5317881711991;51,4682118288009;74,1727505451783;29,9181065514759;13,8533178114087;2,40202275600505;8,04599691737527;13,4631037528359;25,9551605200319;4,868043;1053;7036,49261;18,7644992377544;25;17,0825970416879
"Cartago";"Turrialba";315;69616;45,2482;305;7;1642,67004394531;42,379782998172;57,3804872443122;97,767108888952;49,1153664910251;20453;3,39730112941867;64,8853468928764;3,44203784285924;96,0601524224288;98,7521061499578;94,77533172497;7,41837555287494;8,31932040044857;6,03861568802084;33,04355954384;18,7914517317613;88,4061798494651;49,1243243243245;8,23281061519898;52,5204023533874;47,4795976466126;67,7376794722541;28,086924219911;14,8502204458363;2,17335095380374;11,7142610894049;12,5703861181337;26,5367965367967;8,272625;2280;29475,12695;28,1548218837058;24,3;17,9434251319319
"Guanacaste";"Abangares";68;18039;37,6961;507;0;675,760009765625;26,694388154541;30,3564499140751;99,8781163434903;51,3719895946967;5311;3,39239314630013;49,6516663528526;5,38504989644135;95,5492172990181;98,8405797101449;93,8289061710943;6,79274820725179;7,69679067539519;5,23639362286971;30,2715751357876;9,53029271613342;85,4466529586473;35,1221640488656;4,75709524290473;52,8709750056292;47,1290249943708;69,6290688872066;25,0074426912772;21,816965032625;3,68645712068296;11,9629691224569;19,1751205720937;26,7012794363063;6,608925;228;9906,75181;30,5158912943344;26,1;14,6601628785876
"Guanacaste";"Bagaces";88;19536;45,045;504;0;1273,48999023438;15,340521048308;46,6830466830466;101,776492460235;54,4592030360531;5615;3,47747105966162;53,2680320569902;6,50044523597507;96,1705831157534;99,1855524079323;94,5391837516766;6,98390496263651;7,80549434405759;5,44367942715506;32,3316701239;8,2989994114185;84,6661335465812;38,3813099707968;5,86319218241041;54,1070029208518;45,8929970791482;68,9076834862385;23,1553604305339;17,772397094431;8,34357084357086;9,36220311220315;16,2162162162163;26,8112109994711;5,520926;477;13886,55571;36,8146214099217;28,1;10,9043304749057
"Guanacaste";"Cañas";109;26201;41,6015;506;4;682,200012207031;38,4066249357507;79,9549635510094;97,1333985403657;50,82316371172;7172;3,64500836586726;54,7546012269939;7,82208588957055;96,4224477501269;98,798558269924;95,1590005678593;7,54237649063034;8,30946957370648;6,08995686999385;33,0886054707164;10,6553911205074;87,4016986473734;39,1445427728613;7,11953435547982;50,1787028277094;49,8212971722906;70,8477135461608;29,8339142915727;14,3230869849575;8,13709400404563;9,6637532918591;15,9574062058699;28,757460661964;6,023424;156;24708,24955;32,2825914779027;27,4;36,2184830077394
"Guanacaste";"Carrillo";110;37122;29,632;505;5;577,539978027344;64,2760699039304;62,3323096815898;100,399481753401;50,7859783094358;10141;3,6548663839858;61,6507247805936;8,96361305591165;97,807691051067;99,109763255723;97,1547706647044;8,14569536423839;8,7679337598796;6,98140845070424;29,383184215204;10,2137767220902;84,8324919687929;32,9249946271223;4,86632327691931;53,5056435898379;46,4943564101621;63,9491011319081;29,2501096330944;17,7338250083808;12,1006411292495;10,1799472011206;19,6406443618341;29,2315128081198;5,817967;284;19947,69545;18,4733963202387;26,7;34,5390729800796
"Guanacaste";"Hojancha";19;7197;26,3999;511;0;261,420013427734;27,5304094190535;24,2601083784911;103,247670149675;48,4835981019187;2028;3,54881656804734;58,0867850098619;3,00788954635108;96,4863989637304;99,5064165844029;95,012048192771;7,17469879518072;8,26846703733122;5,48713235294118;33,2634102487265;8,60420650095602;88,4735202492212;58,3242655059847;6,36144578313253;56,2398116283281;43,7601883716719;63,5844341306677;23,3455882352941;17,6893779094372;2,63998888425733;12,5607892177296;12,7414200361262;24,3998040176384;9,270217;299;7923,73337;42,3298731257209;23,3;30,3103548427841
"Guanacaste";"La Cruz";73;19181;38,0585;510;3;1383,90002441406;13,8601052544393;37,1461341952975;96,909968175752;59,2974005481272;4732;4,0521978021978;41,6103127641589;10,7354184277261;93,7675389936696;98,5828310799804;90,5487804878046;6,24804006968641;7,0734941683975;4,48170940170939;34,9245063879208;6,22131565527792;82,6831935836675;34,0392156862745;6,64198606271777;54,6467266900658;45,3532733099342;68,7421972534331;22,9770080621081;32,070530726257;18,2263698451594;9,37385954851162;30,0140764298004;27,6194381792086;7,290786;700;27916,78967;47,2589792060491;31,7;20,1725480002212
"Guanacaste";"Liberia";240;62987;38,1031;501;2;1436,46997070312;43,8484627486985;81,9788210265606;95,940396938966;49,8869666611142;16577;3,74699885383362;64,5412318272305;8,78928636062014;97,6893155032609;98,9722675367042;96,9804404651032;8,78208094222273;9,3745557924663;7,54377495125799;34,9827589224761;11,014344262295;87,3702993853676;45,3252265687736;8,45777123456422;47,9420798595879;52,0579201404121;67,5250227479536;37,6525423728812;16,754506399752;10,1528886913174;7,91909441630803;18,8896121421881;33,0565371024737;7,528503;248;31204,53434;12,3007647773569;27,6;21,7230676424972
"Guanacaste";"Nandayure";27;11121;24,2784;509;0;565,590026855469;19,6626522250221;20,7175613703804;103,980190755686;51,2238237693772;3307;3,35288781372845;50,7106138494103;3,74962201390989;96,2015915119366;99,2854822994478;94,7053261897262;6,73006618342263;7,72557282064787;5,24715574735191;31,1587147030185;10,6933019976498;87,2818922062815;45,0557620817844;5,40497951465492;57,8244274809162;42,1755725190838;63,1342931319331;20,7619966240656;18,0822728617935;3,24611096124449;13,8926355543566;14,8907472349609;23,808095952024;11,21863;344;10735,1977;42,7161468614291;24,6;18,9805286342916
"Guanacaste";"Nicoya";195;50825;38,3669;502;2;1333,68005371094;38,1088401664106;44,0708312838168;96,7064014242588;50,6059797907962;15038;3,37864077669903;56,3173294321053;5,20680941614576;97,262150802313;99,454116258483;96,2551259023281;8,10346697393846;9,03421879463015;6,74595900683216;31,103008592934;13,6016301579215;88,0787557313676;45,0630084542991;6,65943674382351;56,2796116504855;43,7203883495145;60,1892710936257;28,0884134033106;17,4930875576037;3,33300541072308;13,843580914904;14,2272503689128;30,6992084432719;5,885091;779;19418,8969;24,5246446372531;24;14,5603863880001
"Guanacaste";"Santa Cruz";114;55104;20,6882;503;5;1312,27001953125;41,9913578606966;48,0600319396049;98,0662089788289;48,1051443315594;16645;3,30723941123461;61,9104836287173;6,00781015319916;98,1218328840966;99,4138171667826;97,5440786394138;8,72348260259011;9,52465453822446;7,3720969229479;28,4286024777221;15,4462497217894;82,9207092673135;37,5189107413008;6,22249960992354;52,4939990398465;47,5060009601535;62,2915650901998;33,1678486997637;21,4096869712352;8,59465737514509;12,3167102206736;22,2252468060397;31,7384370015948;4,920397;673;18398,5434;17,8589047853971;24,4;14,020394527166
"Guanacaste";"Tilaran";66;19640;33,6049;508;0;638,390014648438;30,7648922278582;50,6873727087573;98,3037156704362;52,9356798006541;6018;3,25556663343303;65,9022931206381;2,47590561648388;96,3625414031914;99,2171090318884;95,0475017593244;7,33347994370162;8,31657383712176;5,95132275132275;32,2168356104007;14,9865591397849;90,1896664486593;45,6986800182066;6,21921182266011;51,3838830329821;48,6161169670179;71,4601769911509;26,5087648869263;16,6882649388049;5,72810590631362;11,6649694501018;13,6965376782077;24,8481864434597;9,521436;227;1679,04372;26,3441934839097;25,1;2,63012215334329
"Heredia";"Barva";51;40660;12,543;402;11;53,7999992370605;755,762092501872;91,0304968027556;95,6689124157844;40,6920415224914;11291;3,58914179434948;78,6201399344611;2,40014170578337;98,8562932464115;99,4905048633626;98,5731419827125;10,1320567434551;10,858401470495;8,76815044037135;32,9170618611023;19,2307692307692;88,4887005649717;50,7479644006818;9,49584350055831;42,2232779097386;57,7767220902614;74,6851220152194;41,9937542097847;9,98203458342691;5,38121003443187;9,49581898671912;9,58435809149044;27,4214489742923;9,485431;307;1576,25364;5,26553061040483;22,3;29,2983952110205
"Heredia";"Belen";30;21633;13,8677;407;2;12,1499996185303;1780,4938830621;100;94,2269707308314;38,6730769230769;6011;3,58675761104641;82,498752287473;2,9446015637997;99,0402362495385;99,7016595189256;98,7794117647056;10,2727205882353;11,2411849364356;8,73812238692514;29,4253551590227;29,0697674418605;89,5033282130055;50,4758547761721;7,77941176470591;41,5020894155361;58,4979105844639;74,1399904443382;44,1024513575903;9,81650456231824;11,9816946331993;8,82910368418621;10,3221929459621;28,6400768861125;10,5806;35;49,5267;3,73924553275976;19,2;4,07627173291969
"Heredia";"Flores";17;20037;8,4843;408;1;6,96000003814697;2878,87929456602;100;95,9417171914727;41,2946900782737;5751;3,47904712223961;83,0116501478004;2,36480612067467;99,08990783143;99,266309736268;99,0170380078637;10,6122214941023;11,4603787690007;8,98445719751315;32,36427883071;25,8278145695364;91,3207547169812;50,9018036072144;9,37909567496723;41,0680107183871;58,9319892816129;74,3316212300802;44,4623190199232;9,31034482758619;7,77561511204264;9,40260518041624;9,02829764934871;28,5228046289994;11,19805;35;77,23726;2,7742288738821;21,8;11,0973074104413
"Heredia";"Heredia";266;123616;21,5183;401;11;282,600006103516;437,423911288664;99,7079666062645;90,3277956550524;40,8135600943192;35216;3,5009654702408;78,1519763743753;3,91299409359382;99,0709459459462;99,5449234364426;98,86274615738;10,5789729598314;11,2171876951255;9,39923822714686;34,120532464381;19,7374817695673;91,3144016227185;54,1916167664671;10,5513385018506;41,1010651473866;58,8989348526134;73,0788826617635;46,5281669726544;9,23026803974451;11,3342932953663;10,490551384934;10,4687095521616;34,9349184072208;9,234439;96;1130,15969;1,64134690681284;21,6;3,99914955977045
"Heredia";"San Isidro";32;20633;15,5091;406;2;26,9599990844727;765,319017087184;94,639654921727;97,9944343153248;41,1575562700965;5807;3,53814361976924;76,6144308593077;2,41088341656621;98,6739338090693;99,7600590623848;98,1985620809433;9,65748444947094;10,5091696383087;8,18025182239889;33,3281315022887;22,6401703335699;92,1020656136085;52,5641025641025;9,54842879069396;41,3430620826118;58,6569379173882;75,0603481133275;43,1032405734248;11,2009486847779;7,74972132021521;8,6172636068434;11,239276886541;28,5354806240564;11,93387;297;1014,52535;6,80319333564734;21,6;37,630763518249
"Heredia";"San Pablo";17;27671;6,1436;409;3;7,53000020980835;3674,76749389151;100;93,1388287848119;38,6253193727769;8006;3,44366724956283;82,3382463152635;2,62303272545591;99,0866627742101;99,4837229313065;98,9238459276681;11,1958247574243;11,995143011333;9,68625785629356;33,6293779202222;25,8173618940248;90,9056816051005;57,7128406855859;10,6262863863569;41,4769876385532;58,5230123614468;72,0019111323454;46,2122534473728;8,00513355257879;7,64699504896827;10,9826171804417;8,7528459397926;32,5036603221083;11,25406;77;283,13409;1,80623973727422;20,8;37,6008077172691
"Heredia";"San Rafael";33;45965;7,1794;405;4;48,3899993896484;949,886352134007;90,3491787229413;95,2550868697167;42,8194133731046;12957;3,54256386509223;74,1298140001544;3,06398085976692;98,7150454186918;99,4698754628075;98,3878615457563;9,78130357077722;10,5982910819375;8,29974345818369;33,4145199063232;18,6523736600307;90,7218661342863;51,4568158168573;9,72754130648864;42,0980044470716;57,9019955529284;73,5021834061133;43,3039119537974;12,0643834929549;8,13880126182972;9,37017295768528;12,272381159578;30,4751831986099;10,31103;277;773,16049;3,73427030560549;22,7;15,9776916667082
"Heredia";"Santa Barbara";49;36243;13,5199;404;5;53,2099990844727;681,131378004029;87,8155781806136;97,3374714145704;43,4287071114805;10107;3,58464430592659;76,3925991886811;2,94845156822005;98,5060569646968;99,3811504514555;98,0940097449123;8,7911531479889;9,59031954206218;7,24491798682181;33,2916852595566;15,7534246575343;90,8168442415019;46,2997706900146;8,64622145791539;43,5782632244088;56,4217367755912;75,6040070713027;37,9771938522557;11,6783998947299;6,7792401291284;9,66255552796405;11,4394503766245;24,5990864029546;7,954883;305;1499,6775;7,83626901521217;23,6;28,1841294080688
"Heredia";"Santo Domingo";45;40072;11,2298;403;1;24,8400001525879;1613,20449894704;100;94,5903947943476;41,2726952229861;11496;3,4786012526096;77,5748086290884;2,9401530967293;99,0675525392794;99,3993688282605;98,9384456943679;10,3947952150835;11,2040950687997;9,17251665506613;31,9822689387904;23,7698081734779;91,212606837607;56,4170040485829;9,6332092212628;42,916329200673;57,083670799327;72,4088634739099;42,9725363489499;9,8746698139718;7,66869634657615;9,80984228388903;9,29826312637254;30,4451038575668;10,08177;383;1076,15136;3,83650719925685;19,9;43,3233234053698
"Heredia";"Sarapiqui";254;57147;44,4468;410;3;2140,5400390625;26,6974683757978;18,056940871787;103,442506229975;55,6206088992974;15768;3,60267630644343;44,6727549467276;9,14510400811771;94,3862634725316;98,2301869991094;91,9077011411761;5,89384913514672;6,43463801483755;4,62360293233984;33,6617309859704;6,42040457343886;84,3333541888258;31,3279915933272;5,23577119069832;49,5221436357643;50,4778563642357;73,8292975785466;26,4915977182795;18,1350382036489;17,7577125658389;10,4729907081735;19,2976009239328;23,9633618022032;5,910705;1251;38907,79135;55,863134968032;31;18,1766239546916
"Limon";"Guacimo";271;41266;65,6715;706;6;576,47998046875;71,5827112789686;48,6986865700581;99,8547074777218;53,8111744753811;11797;3,47156056624566;51,4452826989913;5,68788675086886;96,5108604344178;99,1368387709854;94,9091962905721;6,33805061823801;6,96119655707633;4,9854517611026;32,5026127502208;10,2557609521398;83,1593281888339;32,1543408360127;5,64625193199385;49,6438280739186;50,3561719260814;73,7173281703771;27,2110707679661;14,0760792135632;8,53971792759173;11,5591528134541;12,3879222604566;27,5647410358566;5,399678;580;15461,2922;55,7373855445159;29,6;26,8201719466963
"Limon";"Limon";237;94415;25,1019;701;3;1765,7900390625;53,4689843703769;71,1603029179678;93,9861519179799;56,8954916330159;26666;3,5168004200105;51,1400285007125;8,27645691142279;96,9597903486255;99,0715988729137;95,7386363636366;8,13659341577547;8,74011027761741;7,00779469960425;35,7210910759022;8,60821451372635;85,1394169835234;39,6990838026395;8,6689505347594;51,1387384638852;48,8612615361148;66,5901116427435;32,6121912001171;12,611397941399;6,65254461685121;11,7767303924165;15,3873854790022;32,6814299974122;4,432611;1031;25077,65878;22,7359822509076;30,6;14,2019482640837
"Limon";"Matina";146;37721;38,7052;705;5;772,640014648438;48,8209247318929;50,8814718591769;108,069943184952;56,0330920372285;10410;3,58924111431316;37,1277617675312;10,4610951008646;96,0069386529678;98,9591331797627;94,1115249780895;6,16652059596842;6,70328565906456;4,86168013531292;32,8083446604809;6,05826243877286;81,6158363326389;27,4860779634049;6,04732690622258;48,0885780885779;51,9114219114221;75,4522350127075;26,4358518039152;9,79885732175001;14,4508364041251;10,4954799713687;12,0648975371809;22,632318501171;2,728146;596;16796,59045;71,0425509887152;31,8;21,7392189526227
"Limon";"Pococi";510;125962;40,4884;702;17;2403,48999023438;52,4079569758129;59,1694320509374;100,931582893331;51,5897658073988;36238;3,45819305701198;51,8240521000055;6,28345935206137;96,5083322782039;99,0557506117675;95,0366488928501;6,87794458871803;7,58065393243153;5,39720206264326;32,8816732126763;8,09928712531136;84,3877613213873;32,9194058923788;6,90105567251099;48,8387384375346;51,1612615624654;73,4606460824559;28,9025965349843;16,2147369381285;7,47844588050367;11,414553595529;16,0667502897699;26,4917179494131;6,253104;1434;40061,07144;44,1564245810056;28,8;16,6678752991576
"Limon";"Siquirres";267;56786;47,0186;703;8;860,190002441406;66,0156475183727;53,8424963899555;102,582854696586;52,679267604119;16206;3,48691842527459;48,2228804146612;5,90522028878193;96,5088256366835;99,0649289930456;94,9979273179491;6,54680806964215;7,1802414816331;5,22995107423954;32,700196356708;8,93624976631143;84,5730397422122;31,5026998551296;6,32168025424897;49,4175337282822;50,5824662717178;73,8868892066463;26,8235057557934;10,7571348343289;6,85380199344906;10,7931532419962;10,3511428873313;25,0181203189176;6,590152;670;28128,44951;52,5429600886918;29,3;32,7002748580725
"Limon";"Talamanca";161;30712;52,4225;704;0;2809,92993164062;10,9298099052841;23,3622036988799;104,012222665072;65,0650327851231;7999;3,83035379422428;44,1305163145393;14,10176272034;93,1022794678417;97,9411764705882;89,6303303740359;6,43385242322807;6,93866774979694;5,15716486902928;36,1993792491873;7,42872807017544;82,4851431658562;30,661421194984;6,66569640518124;49,6105331926228;50,3894668073772;71,095594020456;28,7534682971945;19,0896948525635;16,3095858296432;9,55978119301896;17,60224016671;26,6739579535788;5,188149;1469;26991,2078;58,235462618161;35,2;9,60565154884155
"Puntarenas";"Aguirre";105;26861;39,0901;606;1;543,77001953125;49,3977215278532;52,775399277763;106,115715162676;46,2937748488644;8094;3,31554237706943;47,8379046207067;8,22831727205337;96,5150832958128;99,0317583268785;95,1673119469028;7,37942477876109;7,84617685175954;6,32325738777351;30,250174016296;8,53158326497128;86,3891112890312;30,8292945611201;5,8628318584071;45,0313068067058;54,9686931932942;74,3728480078703;34,5056541134974;16,0987748851454;9,71296675477457;9,06891031607164;16,4513607088345;24,6023072252581;8,042995;205;16672,324;22,2589531680441;26,3;30,6606164392295
"Puntarenas";"Buenos Aires";243;45244;53,7088;603;4;2384,21997070312;18,9764369713996;37,7265493767131;101,667038110096;60,7189797875742;12205;3,7028267103646;42,744776730848;9,23392052437526;95,2635811541548;98,8774682174739;92,7513749823719;5,98284210031493;6,74042405283281;4,4006968641115;36,2157113361518;5,67982456140352;82,4806550972881;36,4918032786885;7,18751468998261;54,7589536173269;45,2410463826731;70,7879730430278;19,3484828582688;13,4830622295179;2,18813544337371;10,5030501281938;10,2952877729643;25,2526069032415;6,661204;2132;50098,69578;65,5267407618505;32,2;21,0126147736383
"Puntarenas";"Corredores";163;41831;38,9663;610;4;620,599975585938;67,4041276919249;51,3040567999814;98,1478849888684;55,1997922309205;11849;3,52468562747911;45,9870031226264;7,21579880158663;96,0218063945781;99,0354492992579;94,3453336390735;7,25035542306809;8,18543138069516;5,41627054189868;34,6396265724306;7,0040899795501;86,8263473053889;37,2694428598591;8,02568218298555;50,0371797471779;49,9628202528221;71,5666780939324;28,9580694620359;19,1919191919192;5,90710238818104;12,1345413688413;15,6988836030695;28,2896917467684;6,127099;1146;38577,9893;35,5714565771417;29,3;62,1624086652223
"Puntarenas";"Coto Brus";283;38453;73,5963;608;3;933,909973144531;41,1742042656707;22,9865030036666;98,970299078961;60,5017113281576;10936;3,5;46,479517190929;5,10241404535479;94,6863326033745;98,021900388555;92,7716950527167;6,34119018653691;7,39959661153691;4,55216146188463;35,2514062679368;7,37046273205875;86,5910165484632;40,145342435587;6,60482562854827;55,2938537460742;44,7061462539258;68,7170071149871;21,7591577100241;16,7422362905296;4,93589576886067;12,1082880399447;14,1939510571347;24,6464829586658;7,772495;2635;19620,41698;53,6521342159324;30,4;21,0088954441046
"Puntarenas";"Esparza";57;28644;19,8995;602;0;216,800003051758;132,121769357917;74,6194665549507;96,5957446808511;49,992145363146;8435;3,38992294013041;59,3835210432721;4,64730290456432;97,5877101930658;99,0615615615616;96,8557758031443;8,34412477474678;9,21385481600648;6,93687977875386;33,5207415286432;10,6896551724138;88,7594553706503;46,0922397127866;8,00347977381464;50,5113715966938;49,4886284033062;70,0028815675726;30,0763497545901;15,086586439683;4,3324954615277;11,9920402178466;14,006423683843;26,5775275627492;8,097214;227;2158,46978;10,1056237510705;25,2;9,95604128051925
"Puntarenas";"Garabito";43;17229;24,9579;611;1;316,309997558594;54,468717817901;73,1034883046023;100,687245195108;48,1299974206861;5313;3,24148315452663;61,4530397139093;12,8552606813476;96,7477313974596;99,0872426236465;95,5317740511917;7,52383053839365;7,914298081085;6,25503984997657;28,5473192262754;9,87383433900164;85,703721962041;23,2822757111598;4,29170344218888;39,7500816726558;60,2499183273442;79,0655737704921;41,5690104166666;25,3340835560556;24,1163155145393;7,94010099251264;24,1975738580301;27,5400074432453;4,479578;175;4325,43795;10,1402373247033;28,9;13,674679850101
"Puntarenas";"Golfito";177;39150;45,2107;607;1;1753,9599609375;22,3209200163692;46,9067688378028;102,31512583329;53,5836177474403;11576;3,37465445749827;45,0501036627505;7,19592259847961;95,9627814031908;99,3514570007109;94,1264262673919;7,00264792258436;7,80875166592623;5,50406056434962;33,0182593330159;6,43408635973692;85,7427121679434;35,8310908714551;6,85089788647633;51,5778213585309;48,4221786414691;68,4873355030426;28,0353676946303;22,5705329153605;3,69604086845467;12,896551724138;23,683269476373;27,7377826712965;6,643055;766;20136,60655;31,6235647601674;28,4;11,4806534917917
"Puntarenas";"Montes De Oro";33;12950;25,4826;604;2;244,759994506836;52,9089732416966;68,4864864864862;98,8636363636364;48,3050847457627;3929;3,2888775769916;62,5349961822347;3,94502417918045;96,4165222941553;99,3904208998548;95,0545067801114;7,79234246211111;8,85861403132378;6,05522544564837;30,4835201606158;11,8473895582329;87,2438162544167;44,6317103620474;6,1153948417974;52,3496715512885;47,6503284487115;67,554380971742;27,9742765273312;11,8352223190933;4,30888030888032;10,8030888030888;9,62934362934368;24,8433191276009;8,399084;187;2510,39667;17,2113289760349;23,6;10,2565644972258
"Puntarenas";"Osa";134;29433;45,5271;605;7;1930,23999023438;15,2483629750237;38,0457309822308;104,466828759986;52,1006666322154;8904;3,29537286612758;43,2277628032345;6,3230008984726;95,2644526445267;98,7103644107904;93,4370686409834;6,76000752917553;7,52885945839102;5,4233676975945;30,7763882685724;7,56335282651074;83,8067791958281;32,7202854790009;6,08608357384868;51,4540031689812;48,5459968310188;68,7243922425565;27,3890214797136;19,206412032456;4,06346617741992;14,0658444602996;15,1496619440764;26,6113875069098;8,591644;893;24832,6246;35,7691253084727;27,1;12,8650451372033
"Puntarenas";"Parrita";100;16115;62,054;609;0;478,790008544922;33,6577616750497;53,2361154204156;104,505076142132;48,306644579422;4833;3,3205048624043;51,4380302089799;6,26939788950962;94,6038863976084;99,1569390402074;92,197852410327;6,53849668722869;7,28412589804996;5,03954607977993;29,5289239344709;6,62393162393162;84,2909857670007;31,9463707813222;5,19762394334018;49,5656574175592;50,4343425824408;73,0692741133578;26,9792203331617;15,076071922545;7,55817561278313;9,48184920881165;14,9115730685697;25,1015434606012;5,917649;302;12861,6014;30,8054639660857;26,4;26,8627188756243
"Puntarenas";"Puntarenas";384;115019;33,3858;601;8;1842,32995605469;62,431270588636;71,5273128787417;99,087809184221;51,3168973320002;33228;3,43875647044661;51,0623570482725;7,86084025520645;97,0757279100612;99,1068901537785;96,0537350274523;7,62812702732636;8,31196613124131;6,4365127582017;32,9925659403944;10,8110821120257;87,8247690531179;40,1597624770255;7,3450529280527;51,8263864149154;48,1736135850846;67,0875989955576;29,8686731784828;15,4179043326846;5,57473113137835;10,8503812413601;14,176788182822;29,8859428232852;4,812207;666;29401,57763;23,4553561392334;26,8;15,9589098214323
"San Jose";"Acosta";71;20209;35,1329;112;2;342,239990234375;59,0492069210274;12,4894848829729;102,251801441153;48,6939886689721;5871;3,43570090274229;60,9436211888946;2,69119400442855;95,6006964596634;99,22073521938;93,7141343692065;6,68500044142312;7,70900594732374;4,98944900351701;33,9643711778785;11,039886039886;89,9440182459049;46,2523540489643;7,24816809393486;50,438768827767;49,561231172233;73,0378096479791;25,8684210526315;12,2234214786832;1,19253797812856;10,1538918303725;9,21371666089357;26,5364539484763;4,888435;1243;7489,58374;39,2428103385512;24,4;21,8840110849434
"San Jose";"Alajuelita";77;77603;9,9223;110;4;21,1700000762939;3665,70617479116;98,9987500483224;92,7737480127186;47,9533278679148;19832;3,90878378378378;57,5887454618798;8,40056474384833;98,5537929853513;99,3834771886564;98,1001228057502;8,00842784560192;8,65819812126387;6,64819366852881;32,7641634471668;11,121089657237;86,3266616718398;36,9477911646586;7,58506104168167;43,9827878103838;56,0172121896162;74,8780853777474;39,2830992478199;16,4648910411622;12,9376441632412;11,249565094133;16,4761671584863;36,2952469346879;5,808794;64;371,64613;1,08961993639539;26,9;17,5553202012582
"San Jose";"Aserri";88;57892;15,2007;106;6;167,100006103516;346,451214155773;71,1324535341666;95,8324876530681;45,2492661264019;16120;3,58666253101737;62,4875930521092;4,43548387096774;98,0231555610293;99,1431846980027;97,4456301919658;7,89396720699417;8,65488380792075;6,38069555514227;31,9630433156275;12,1383363471971;86,7252681764003;39,4913324054156;7,23997386515671;45,5433680523557;54,4566319476443;74,6767189960396;35,5719951869512;13,9651854443667;4,93850618392871;10,8236025703034;13,8084709458992;29,9669684365059;5,849876;853;4010,73413;10,0978706520302;25;24,0019987043891
"San Jose";"Curridabat";62;65206;9,5083;118;9;15,9499998092651;4088,15051910676;100;88,3695400970649;40,0713180958928;19146;3,39694975451792;74,4124099028518;4,31421706883944;98,9998767453731;99,446440138979;98,8094041997391;10,9387621822567;11,2973435462843;10,3623264343725;32,3071890079334;23,262097764677;90,3304574312222;53,2477592121281;9,64784487089326;41,1491640342091;58,8508359657909;72,5651177328612;47,0649332043984;12,0836848321242;15,2148575284482;9,4761218292796;13,2855872159003;35,2178370066632;8,461297;21;204,04432;1,87370293507264;20,4;12,7927474884027
"San Jose";"Desamparados";261;208411;12,5233;103;26;118,26000213623;1762,3118234001;93,5507242899852;92,1954683364534;43,9153402617132;57355;3,61743527155435;66,0116816319414;4,8452619649551;98,6426714387023;99,3765029199587;98,2850973368374;8,91812155805896;9,59926976949675;7,68523047977421;33,7450791977931;14,3347928595486;89,3297152985972;45,390495649417;9,71945565022342;43,0109484468772;56,9890515531228;74,290090570059;41,5641476274165;14,3270256934003;8,94002715787552;10,5387911386633;14,5409791229829;34,1779279279275;6,911342;1161;4868,53832;3,29896136890084;23,6;41,1680892275958
"San Jose";"Dota";21;6948;30,2245;117;0;400,220001220703;17,3604516985859;30,6275187104202;95,7734573119188;50,4547423126895;1952;3,54303278688525;74,2827868852459;2,66393442622951;97,2541616612321;99,0990990990992;96,2076385153309;7,2904787520172;8,0314298362107;6,14324880054832;33,5312499999998;7,48175182481752;86,3077823288474;44,0904419321685;6,50887573964498;48,7800154918668;51,2199845081332;76,6084193804605;27,0597127739985;18,5213708124759;7,09556706966034;8,2469775474957;15,097869890616;23,6418511066398;6,19877;558;7984,72771;57,2486772486772;25,7;19,9508462486781
"San Jose";"Escazu";61;56509;10,7947;102;3;34,4900016784668;1638,41685271011;99,2726822276103;89,3162249991625;41,9431815327422;16565;3,40211288862059;74,3495321460912;3,79716269242379;98,989362788133;99,445012414196;98,8125265693633;10,9089698172026;11,4141637831603;10,1044085231448;29,8033857132011;28,713649462929;90,8590934951643;49,9052616236699;7,64630862972935;39,2905774940285;60,7094225059715;74,0210262345672;49,2373550558997;13,7504740235116;19,8977154081651;10,4284273301598;14,234900635297;32,478175663638;8,705101;47;38,47786;4,01076716016151;20,7;1,11562360473943
"San Jose";"Goicoechea";111;115084;9,6451;108;7;31,5;3653,46031746032;98,5358520732668;89,2362081723259;43,0361182231723;32520;3,52610701107011;68,0227552275523;4,29889298892989;99,0307563920804;99,4247173179921;98,8585959285093;9,78372560068194;10,4872064912995;8,71240067070064;32,7552950604288;18,1537273078408;89,7017892644133;48,8654728812465;10,5312585785906;43,2066447971548;56,7933552028452;72,1225299275995;43,6162346465109;11,9886111223294;9,52087171109809;11,6784261930417;12,0668381356225;37,1443135138375;7,300123;50;122,43635;1,42832558939941;21,3;3,88686825396825
"San Jose";"Leon Cortes";83;12200;68,0328;120;0;120,800003051758;100,993374932059;40,5245901639346;101,320132013201;46,8640905260624;3377;3,61237785016287;57,6251110453065;2,60586319218241;96,6260634184066;98,7635629573555;95,2985425481902;6,38881053126468;7,05332692769638;5,14156898106402;31,0741461688196;5,56792873051225;83,1955011577903;37,0389884088513;4,60742830277383;52,8291501541172;47,1708498458828;75,8688957325118;18,4222124283825;15,9531212628558;4,10655737704918;9,63114754098363;13,0245901639344;21,7137860682017;5,68552;1375;5048,18605;62,0617944147356;25,5;41,7896185634785
"San Jose";"Montes De Oca";47;49132;9,5661;115;10;15,1599998474121;3240,89713024549;100;87,3693844863092;35,2790550400617;16589;2,94188920368919;79,9023449273615;2,04352281632407;99,4546970413925;99,6920404295637;99,3599243260286;12,2235219927479;12,9457114797032;11,2347800104579;35,4200565213666;28,7953795379538;92,8147100424331;69,3045563549161;14,1604918808135;41,2309617189193;58,7690382810807;69,20096345167;49,8998352846902;9,33929249061863;13,0973703492631;11,0986729626312;10,1746316046569;40,417733302304;9,861957;21;113,3767;1,59359452736318;15,4;7,4786742177543
"San Jose";"Mora";43;26294;16,3535;107;1;162,039993286133;162,268582383669;45,9382368601198;93,6229749631812;43,1355470876429;7782;3,37663839629915;68,7740940632228;2,98123875610383;98,0188845746557;99,352295128133;97,4103585657368;8,96921989461509;9,8846424620336;7,34935041822389;32,4139056634567;19,93281075028;91,0616563298068;48,7586605080832;8,11592340316154;44,7829920642696;55,2170079357304;73,8782215833249;38,192037470726;11,5694902823616;7,39332167034311;10,2228645318324;11,0785730584924;28,6675981201575;10,08738;345;2326,7319;11,8424834722621;22,4;14,3589977561368
"San Jose";"Moravia";82;56919;14,4064;114;9;28,6200008392334;1988,78400876821;99,3903617421243;88,6109086089204;41,0771823724781;16874;3,35954723242859;78,748370273794;2,61348820670855;99,2382257511934;99,5067905646889;99,1327776374511;11,0534366141843;11,6677416382567;10,0958707360863;33,4007112109306;23,3591286901691;92,2839794488559;57,8235128277417;10,847295894025;41,3233870257896;58,6766129742104;73,3425151975683;46,0144333278661;10,6954770755885;8,55426131871618;10,6519791282348;10,6976580755108;33,9223233030092;8,314567;78;298,14118;2,50668449197861;20,2;10,4172317001227
"San Jose";"Perez Zeledon";544;134534;40,4359;119;17;1905,51000976562;70,6026204588385;48,5044672722135;94,567936944103;51,4255163486972;38508;3,47771891555002;63,1219486859873;3,4434403240885;97,2368045139627;99,2673814953177;96,0543045234936;7,26010793094679;8,11162697707473;5,77264260768336;34,6749477029858;8,72321428571428;86,7581525748847;45,1267213202593;6,98725736727606;51,9748232945635;48,0251767054365;70,7762557077628;27,248636009353;13,9689578713969;2,50940282753807;10,9481618029643;12,8748123151024;29,2842262287491;7,75683;6288;45514,56428;35,9723482123307;27;23,8857649903388
"San Jose";"Puriscal";99;33004;29,9964;104;9;553,659973144531;59,6105942290764;23,4335232093082;100,766469979926;45,6037411214541;9787;3,36436088689077;64,493716154082;2,18657402677021;96,6848510281153;99,526465326739;95,2705179908869;7,90038233907713;9,1649239961339;6,03423236514523;33,9125651231273;11,1851499286054;90,1823281907432;52,4358974358976;8,35908448122346;49,3404205788778;50,6595794211222;69,7373578988635;31,9686611874952;12,4525916561315;2,19670342988729;13,0559932129439;10,3714701248333;28,2276817308665;6,947992;976;9813,60807;22,1731551423591;21,9;17,7249729906666
"San Jose";"San Jose";465;288054;16,1428;101;18;44,6199989318848;6455,71508057928;100;89,9052629497043;45,7136353289324;81903;3,49998168565254;63,3945032538491;6,78119238611528;98,7584026582039;99,4303200863399;98,4770121518638;9,87676499530857;10,3326470813544;9,20008243788733;31,1262454752398;16,7994423421629;88,5484447622456;46,2461736748834;9,52696981486167;43,2917434117308;56,7082565882692;71,2124973741001;44,1682489886893;13,7069245773731;16,2667416526074;12,3483791233586;14,207752713033;39,6438512597244;6,866659;41;18,2761;0,852991763735265;21,6;0,409594362113267
"San Jose";"Santa Ana";91;49123;18,5249;109;1;61,4199981689453;799,788366402739;93,1539197524578;91,7069934436466;41,2473402725861;14235;3,42936424306287;76,8528275377591;3,76536705303829;98,698889179611;99,3336042259245;98,4362389023413;10,5621468926553;11,2397470006526;9,18685685175749;30,4332580920864;27,5773195876289;90,3320808368031;46,5443121693123;7,32109227871942;38,2244855102897;61,7755144897103;75,9390975772387;49,0945273631843;13,7850060880153;18,8791401176637;9,86706837937426;13,5455896423264;29,7642911453654;10,16509;205;1760,67962;4,44845205891193;22,4;28,6662271652463
"San Jose";"Tarrazu";127;16280;78,0098;105;0;297,5;54,7226890756302;50,3132678132681;98,8032726828673;51,3855309652222;4551;3,57657657657658;66,2491760052736;2,4609975829488;96,4531654942613;98,6785009861933;95,1155898043863;6,73894487255484;7,53837679030481;5,28236868517899;32,4495716116846;7,54975978037065;83,8820638820641;37,0578084555651;6,36633076467099;48,8389830508474;51,1610169491526;78,7568306010929;23,9737550471064;17,7543022661441;5,84766584766584;9,14004914004919;14,017199017199;22,9706390328152;13,18392;1140;9959,7;52,3297491039427;27,5;33,4779831932773
"San Jose";"Tibas";62;64842;9,5617;113;5;8,14999961853027;7956,07399202471;100;87,5238591011626;43,4303663068483;19160;3,37740083507307;70,553235908142;3,61169102296451;98,961199294532;99,5424795068941;98,737885408784;10,3287356883041;11,0604041090076;9,33840850330361;31,3026592943654;18,9248895434462;90,9629113703643;52,7467243659093;10,2189781021897;43,9686554010041;56,0313445989959;70,4144731344528;43,8499646142959;10,7468188423776;10,6844329292743;11,5002621757502;11,5850837420191;40,1063231610693;7,63048;3;4,2967;1,07871540405597;19,5;0,527202478664023
"San Jose";"Turrubares";18;5512;32,656;116;0;415,290008544922;13,2726525719045;13,3526850507983;107,218045112782;49,7012493210212;1679;3,27278141751042;44,907683144729;3,51399642644431;94,9743370402052;99,3682880606444;92,7255092143551;6,44164241836405;7,25827455236028;5,2376;30,4108511893061;9,41176470588235;87,0442203258339;39,8581560283688;4,6556741028128;51,8267602225987;48,1732397774013;72,9389846297157;21,3997985901309;23,6154649947753;4,51741654571844;11,4658925979681;18,1240928882438;24,1642228739003;10,89934;250;5030,68138;40,0666666666667;25;12,1136585915619
"San Jose";"Vazquez De Coronado";93;60486;15,3755;111;5;222,199996948242;272,21422516081;96,4305789769536;93,0055202782476;38,9332965821389;17155;3,51757505100554;73,1273681142524;2,54153308073448;99,0501519756837;99,5389773679798;98,8229728977684;9,92236629751232;10,7688595156311;8,41772934538989;35,0884932328704;18,7680209698558;92,0188174223376;53,9623988576868;11,1441927764483;41,6021972031785;58,3978027968215;73,9282396142112;44,4090220769908;11,0086647411685;4,47872234897327;10,1527626227557;11,0124656945409;31,338818249813;8,108423;14;45,867;2,97898640296663;21,1;0,206422145049282
